City_ID,City,Country,Lat,Lng,Max Temp,Humidity,Cloudiness,Wind Speed,Current Description
0,Longyearbyen,SJ,78.2186,15.6401,19.24,79,20,3.44,few clouds
1,Bambous Virieux,MU,-20.3428,57.7575,75.22,79,15,10.89,few clouds
2,Huainan,CN,32.6264,116.9969,56.39,64,97,5.01,light rain
3,Puerto Ayora,EC,-0.7393,-90.3518,76.96,79,92,9.95,overcast clouds
4,Doka,SD,13.5167,35.7667,85.19,35,55,3.65,broken clouds
5,Mataram,ID,-8.5833,116.1167,76.01,74,75,4.54,broken clouds
6,Hermanus,ZA,-34.4187,19.2345,59.9,69,68,9.44,light rain
7,Busselton,AU,-33.65,115.3333,54.09,83,17,6.91,few clouds
8,Bandarbeyla,SO,9.4942,50.8122,78.64,77,8,10.8,clear sky
9,Bethel,US,41.3712,-73.414,57.67,61,90,6.91,overcast clouds
10,Biu,NG,10.6129,12.1946,73.6,74,90,2.82,light rain
11,Pisco,PE,-13.7,-76.2167,67.01,76,8,7.76,clear sky
12,Cherskiy,RU,68.75,161.3,-6.43,100,100,2.37,overcast clouds
13,Seymchan,RU,62.8833,152.4333,1.17,82,90,3.27,overcast clouds
14,Ancud,CL,-41.8697,-73.8203,60.42,58,15,10.58,few clouds
15,Waingapu,ID,-9.6567,120.2641,78.84,81,73,1.05,broken clouds
16,Salym,RU,60.0625,71.4789,45.16,74,100,17.34,overcast clouds
17,Mongagua,BR,-24.0931,-46.6208,99.64,62,2,7.18,clear sky
18,Miraflores,MX,19.2167,-98.8083,66.96,65,89,2.19,overcast clouds
19,Lebu,CL,-37.6167,-73.65,55.13,64,82,7.25,broken clouds
20,Inongo,CD,-1.95,18.2667,75.65,87,60,5.14,light rain
21,Kroya,ID,-7.6331,109.2461,78.89,87,95,6.4,overcast clouds
22,Parrita,CR,9.5201,-84.3225,90.05,72,70,4.88,broken clouds
23,College,US,64.8569,-147.8028,27.59,90,40,0.0,scattered clouds
24,Deputatskiy,RU,69.3,139.9,-8.99,100,89,3.2,overcast clouds
25,Airai,TL,-8.9266,125.4092,61.74,86,82,1.48,broken clouds
26,Bluff,NZ,-46.6,168.3333,52.7,86,100,3.31,overcast clouds
27,Hilo,US,19.7297,-155.09,72.25,96,90,4.61,heavy intensity rain
28,Vanimo,PG,-2.6741,141.3028,77.09,89,73,5.82,broken clouds
29,Kapaa,US,22.0752,-159.319,75.52,90,40,12.66,light rain
30,Ushuaia,AR,-54.8,-68.3,38.86,81,75,13.8,moderate rain
31,Atuona,PF,-9.8,-139.0333,77.99,77,18,18.19,few clouds
32,Nicholasville,US,37.8806,-84.573,62.29,61,24,6.02,few clouds
33,Ahipara,NZ,-35.1667,173.1667,60.21,97,98,1.83,overcast clouds
34,Fernie,CA,49.5,-115.0687,47.61,99,100,6.35,overcast clouds
35,Fortuna,US,40.5982,-124.1573,55.98,86,75,7.0,broken clouds
36,Bellevue,US,47.6104,-122.2007,53.19,89,90,1.01,overcast clouds
37,Tongliao,CN,43.6125,122.2653,41.41,47,0,7.61,clear sky
38,Albany,US,42.6001,-73.9662,54.81,60,63,1.01,broken clouds
39,Port Elizabeth,ZA,-33.918,25.5701,62.1,70,3,23.69,clear sky
40,Dikson,RU,73.5069,80.5464,10.2,87,100,12.86,overcast clouds
41,Tasiilaq,GL,65.6145,-37.6368,33.96,87,100,5.12,overcast clouds
42,Rikitea,PF,-23.1203,-134.9692,74.5,82,67,19.71,broken clouds
43,Jamestown,US,42.097,-79.2353,50.09,80,90,5.01,light rain
44,Sabla,NG,12.7525,4.7077,90.1,34,100,6.69,overcast clouds
45,Hobart,AU,-42.8794,147.3294,52.02,93,90,1.99,light intensity shower rain
46,Kloulklubed,PW,7.0419,134.2556,77.5,71,99,2.8,overcast clouds
47,Punta Arenas,CL,-53.15,-70.9167,42.91,81,75,39.12,light intensity shower rain
48,East London,ZA,-33.0153,27.9116,64.67,59,53,26.98,broken clouds
49,Salalah,OM,17.0151,54.0924,78.89,78,0,2.3,clear sky
50,Itu,BR,-23.2642,-47.2992,93.29,18,3,8.99,clear sky
51,Benghazi,LY,32.1167,20.0667,77.95,47,11,6.89,few clouds
52,Rafaela,AR,-31.2503,-61.4867,73.06,52,91,10.0,overcast clouds
53,Korla,CN,41.7597,86.1469,55.09,39,100,3.51,overcast clouds
54,Butaritari,KI,3.0707,172.7902,81.3,71,76,8.41,broken clouds
55,Kahului,US,20.8947,-156.47,75.85,79,20,11.5,few clouds
56,Torbay,CA,47.6666,-52.7314,62.67,92,100,11.39,overcast clouds
57,Kaitangata,NZ,-46.2817,169.8464,49.91,91,100,2.57,overcast clouds
58,Tiksi,RU,71.6872,128.8694,-2.24,100,97,4.27,overcast clouds
59,Neftcala,AZ,39.3742,49.2472,63.77,72,16,6.31,few clouds
60,Cabo San Lucas,MX,22.8909,-109.9124,86.61,69,40,6.91,scattered clouds
61,Arraial Do Cabo,BR,-22.9661,-42.0278,76.86,73,0,20.71,clear sky
62,Clyde River,CA,70.4692,-68.5914,23.76,80,96,15.37,overcast clouds
63,Kavaratti,IN,10.5669,72.642,81.99,76,75,3.69,broken clouds
64,Mataura,NZ,-46.1927,168.8643,49.78,92,100,0.81,overcast clouds
65,Camargo,MX,27.6667,-105.1667,78.3,30,0,6.49,clear sky
66,Sioux Lookout,CA,50.1001,-91.917,39.27,75,75,10.36,broken clouds
67,Sitka,US,57.0531,-135.33,48.09,66,75,9.22,light rain
68,Ribeira Grande,PT,38.5167,-28.7,73.8,60,20,12.66,few clouds
69,Wenling,CN,28.3669,121.36,61.92,83,100,7.92,light rain
70,Cape Town,ZA,-33.9258,18.4232,63.27,60,59,3.0,broken clouds
71,Kavieng,PG,-2.5744,150.7967,82.13,77,70,15.86,broken clouds
72,Vaini,TO,-21.2,-175.2,69.96,88,75,10.36,broken clouds
73,Barrow,US,71.2906,-156.7887,30.22,86,90,13.8,overcast clouds
74,Iracoubo,GF,5.4802,-53.2011,82.53,82,97,9.44,moderate rain
75,San Vicente,AR,-26.6167,-54.1333,61.29,99,100,5.91,moderate rain
76,Gernsbach,DE,48.7667,8.3333,52.36,71,0,6.91,clear sky
77,Saint-Philippe,RE,-21.3585,55.7679,76.59,81,79,11.99,broken clouds
78,Lakhdenpokhya,RU,61.5198,30.1992,34.83,84,99,11.07,overcast clouds
79,Fenyi,CN,27.8112,114.6681,52.07,87,28,2.13,light rain
80,Castro,BR,-24.7911,-50.0119,76.15,44,87,9.73,overcast clouds
81,Esperance,AU,-33.8667,121.9,53.15,70,1,17.9,clear sky
82,Carnarvon,AU,-24.8667,113.6333,69.87,73,0,13.8,clear sky
83,New Norfolk,AU,-42.7826,147.0587,51.66,82,100,7.0,overcast clouds
84,Shumskiy,RU,54.8318,99.1328,33.37,93,77,3.31,broken clouds
85,Ulladulla,AU,-35.35,150.4667,60.76,89,97,12.44,overcast clouds
86,Forbes,AU,-33.3833,148.0167,47.84,91,0,6.17,clear sky
87,Opuwo,NA,-18.0607,13.84,83.57,9,4,15.43,clear sky
88,Upernavik,GL,72.7868,-56.1549,18.73,81,75,4.59,broken clouds
89,Igarka,RU,67.4667,86.5833,29.55,96,99,11.48,light snow
90,Imbituba,BR,-28.24,-48.6703,74.82,57,30,18.77,scattered clouds
91,Itaituba,BR,-4.2761,-55.9836,89.76,66,40,5.75,scattered clouds
92,Kamenka,RU,51.3223,42.7678,53.83,70,100,14.58,overcast clouds
93,Saskylakh,RU,71.9167,114.0833,6.89,95,100,15.28,light snow
94,Veraval,IN,20.9,70.3667,79.12,65,1,9.01,clear sky
95,Oranjemund,NA,-28.55,16.4333,59.61,75,11,13.78,few clouds
96,Bereda,ES,43.2686,-7.5406,61.57,75,100,2.26,overcast clouds
97,Praia,CV,14.9215,-23.5087,86.54,51,0,16.11,clear sky
98,Georgetown,MY,5.4112,100.3354,80.89,89,20,4.61,light rain
99,Dalvik,IS,65.9702,-18.5286,42.33,98,100,4.52,overcast clouds
100,Faanui,PF,-16.4833,-151.75,77.14,75,87,3.24,overcast clouds
101,Magnitka,RU,55.3475,59.6961,43.79,85,20,8.79,few clouds
102,Galle,LK,6.0367,80.217,80.64,76,17,8.12,few clouds
103,Berdigestyakh,RU,62.0989,126.6992,30.65,98,100,4.59,light snow
104,Eureka,US,40.8021,-124.1637,56.25,69,100,8.99,light rain
105,Lata,PT,40.1629,-8.3327,68.92,45,99,3.44,overcast clouds
106,Affery,CI,6.315,-3.9603,77.74,94,70,3.42,moderate rain
107,Rakaia,NZ,-43.75,172.0167,53.76,49,100,3.0,overcast clouds
108,Beringovskiy,RU,63.05,179.3167,10.94,77,29,10.69,scattered clouds
109,Khovu-Aksy,RU,51.1333,93.6,28.11,81,6,3.09,clear sky
110,Avarua,CK,-21.2078,-159.775,69.85,64,95,5.75,light rain
111,Kungurtug,RU,50.5994,97.5228,29.39,64,81,1.54,broken clouds
112,Valdemarpils,LV,57.3707,22.5919,44.02,73,99,12.21,overcast clouds
113,Mahebourg,MU,-20.4081,57.7,75.25,79,10,11.23,clear sky
114,Mabaruma,GY,8.2,-59.7833,78.58,95,96,6.04,overcast clouds
115,Verkhnevilyuysk,RU,63.4453,120.3167,37.33,90,100,11.07,overcast clouds
116,Lakselv,NO,70.0513,24.9718,30.02,64,75,6.91,broken clouds
117,Mugur-Aksy,RU,50.35,90.5,16.54,77,19,7.07,few clouds
118,Lewistown,US,40.5992,-77.5714,56.89,93,90,5.75,overcast clouds
119,Whitehorse,CA,60.7161,-135.0538,35.31,74,99,15.99,overcast clouds
120,Palmer,US,42.1584,-72.3287,58.91,56,20,1.01,few clouds
121,Kokopo,PG,-4.352,152.2633,77.29,84,44,8.08,scattered clouds
122,Hue,VN,16.4667,107.6,69.91,94,75,4.61,broken clouds
123,Seoul,KR,37.5683,126.9778,45.84,93,0,3.44,clear sky
124,Labuan,MY,5.2767,115.2417,79.16,89,20,3.44,few clouds
125,Tazovskiy,RU,67.4667,78.7,27.91,97,97,10.65,overcast clouds
126,Ponta Do Sol,PT,32.6667,-17.1,73.71,66,26,5.12,scattered clouds
127,Codrington,AU,-38.2667,141.9667,49.44,86,17,12.64,few clouds
128,Kuytun,RU,54.3419,101.5036,33.03,81,100,3.91,overcast clouds
129,Broome,US,42.2506,-75.833,50.7,73,90,1.01,light rain
130,Fairbanks,US,64.8378,-147.7164,27.61,90,1,0.0,clear sky
131,Saint Anthony,US,45.0205,-93.218,48.92,57,1,3.0,clear sky
132,Petropavl,KZ,54.8753,69.1628,48.72,73,73,17.6,broken clouds
133,Vila Franca Do Campo,PT,37.7167,-25.4333,72.01,73,53,6.24,broken clouds
134,Mar Del Plata,AR,-38.0023,-57.5575,68.02,64,40,7.0,scattered clouds
135,Brigantine,US,39.4101,-74.3646,66.02,73,75,4.61,broken clouds
136,Sawtell,AU,-30.3833,153.1,68.18,94,0,6.91,clear sky
137,Jambi,ID,-1.6,103.6167,74.64,95,70,2.19,broken clouds
138,Chaozhou,CN,23.6651,116.6379,66.06,81,100,5.03,overcast clouds
139,Dingle,PH,10.9995,122.6711,74.61,95,100,5.86,moderate rain
140,Chum Phae,TH,16.5443,102.0992,69.24,87,82,2.75,broken clouds
141,Vostochnyy,RU,55.8167,37.8667,44.53,76,22,9.69,few clouds
142,Lagoa,PT,39.05,-27.9833,66.97,73,6,14.58,clear sky
143,Chuy,UY,-33.6971,-53.4616,62.8,68,100,1.83,light rain
144,Jiaxing,CN,30.7522,120.75,68.02,65,100,5.5,light rain
145,Houma,US,29.5958,-90.7195,84.0,74,40,10.36,scattered clouds
146,Ulvik,NO,60.5672,6.9187,32.81,90,98,4.45,overcast clouds
147,Lashio,MM,22.9333,97.75,63.64,99,40,0.6,scattered clouds
148,Biak,ID,-0.9131,122.8766,76.21,78,97,3.69,overcast clouds
149,Hithadhoo,MV,-0.6,73.0833,82.35,74,100,11.23,overcast clouds
150,Maumere,ID,-8.6199,122.2111,79.23,81,100,2.66,overcast clouds
151,Krasnyy Chikoy,RU,50.3643,108.7512,30.6,66,9,2.53,clear sky
152,Komsomolskiy,UZ,40.4272,71.7189,45.82,60,1,6.91,clear sky
153,Stromness,GB,58.965,-3.296,53.85,89,100,17.0,light rain
154,Marsa Matruh,EG,31.3525,27.2453,70.48,66,0,7.92,clear sky
155,Makakilo City,US,21.3469,-158.0858,75.61,72,1,5.75,clear sky
156,Halden,NO,59.1226,11.3871,50.34,73,80,5.48,broken clouds
157,Nizwa,OM,22.9333,57.5333,82.9,33,7,2.89,clear sky
158,Sorland,NO,67.667,12.6934,42.04,60,79,12.8,broken clouds
159,Boyolangu,ID,-8.1181,111.8935,76.69,88,100,3.47,overcast clouds
160,Khani,GE,41.9563,42.9566,40.57,79,0,3.67,clear sky
161,Senneterre,CA,48.3835,-77.2328,39.42,58,57,7.02,broken clouds
162,Paamiut,GL,61.994,-49.6678,32.16,48,15,21.52,few clouds
163,Zenzeli,RU,45.9241,47.0474,56.77,82,0,8.95,clear sky
164,General Roca,AR,-39.0333,-67.5833,72.63,15,2,19.53,clear sky
165,Ghanzi,BW,-21.5667,21.7833,85.1,11,0,6.49,clear sky
166,Puerto Leguizamo,CO,-0.1934,-74.7819,91.62,49,78,2.06,broken clouds
167,Talnakh,RU,69.4865,88.3972,22.26,96,100,7.09,light snow
168,Geraldton,AU,-28.7667,114.6,57.61,88,0,5.75,clear sky
169,Constitucion,CL,-35.3333,-72.4167,59.38,53,5,16.98,clear sky
170,Alugan,PH,12.2188,125.4808,79.92,83,99,5.28,overcast clouds
171,Yulara,AU,-25.2406,130.9889,69.64,32,0,10.36,clear sky
172,Morros,BR,-9.4467,-46.3003,85.48,52,88,4.79,overcast clouds
173,Tucuman,AR,-26.8241,-65.2226,80.6,36,40,21.85,dust
174,Usinsk,RU,65.9939,57.5281,23.9,93,64,14.47,broken clouds
175,Buloh Kasap,MY,2.5536,102.764,78.71,93,19,1.66,moderate rain
176,Port-Gentil,GA,-0.7193,8.7815,78.19,79,100,9.4,overcast clouds
177,Aromashevo,RU,56.8602,68.6375,46.76,75,24,19.06,few clouds
178,Plettenberg Bay,ZA,-34.0527,23.3716,57.49,79,44,13.67,light rain
179,Srednekolymsk,RU,67.45,153.6833,-13.92,99,62,3.8,broken clouds
180,Manbij,SY,36.5281,37.9549,57.97,24,0,9.93,clear sky
181,Havre-Saint-Pierre,CA,50.2334,-63.5986,46.67,81,100,7.65,overcast clouds
182,Namibe,AO,-15.1961,12.1522,69.04,64,45,15.37,scattered clouds
183,Genc,TR,38.7507,40.5603,55.98,23,0,3.06,clear sky
184,Taoudenni,ML,22.6783,-3.9836,92.68,15,0,3.87,clear sky
185,Thinadhoo,MV,0.5333,72.9333,83.79,68,59,13.73,broken clouds
186,Hobyo,SO,5.3505,48.5268,80.28,77,11,10.89,few clouds
187,Solnechnyy,RU,50.7214,136.6319,32.99,85,1,4.07,clear sky
188,Port Alfred,ZA,-33.5906,26.891,62.01,66,32,31.85,scattered clouds
189,Nuuk,GL,64.1835,-51.7216,29.01,46,40,9.22,scattered clouds
190,Kudahuvadhoo,MV,2.6708,72.8944,82.98,73,13,14.05,few clouds
191,Havoysund,NO,70.9963,24.6622,34.68,59,100,17.9,light rain
192,Bagdarin,RU,54.4333,113.6,30.6,65,76,1.99,broken clouds
193,Sokoni,TZ,-6.4333,39.55,78.64,75,35,15.43,scattered clouds
194,Ekhabi,RU,53.5102,142.9671,32.94,94,43,8.5,scattered clouds
195,South Venice,US,27.0531,-82.4243,86.05,70,100,5.75,overcast clouds
196,Saint George,US,37.1041,-113.5841,72.07,28,1,3.44,clear sky
197,Cidreira,BR,-30.1811,-50.2056,71.37,75,75,11.16,light rain
198,Richmond,US,37.5538,-77.4603,70.39,58,75,5.99,broken clouds
199,Andenes,NO,69.3143,16.1194,31.98,100,75,13.8,snow
200,Barra Patuca,HN,15.8,-84.2833,83.84,74,79,4.25,broken clouds
201,Aksha,RU,50.2814,113.2867,34.3,62,7,2.8,clear sky
202,Grindavik,IS,63.8424,-22.4338,46.87,100,75,13.8,broken clouds
203,Mayumba,GA,-3.432,10.6554,77.94,82,71,5.21,broken clouds
204,Iroquois Falls,CA,48.7669,-80.6831,39.34,86,100,8.9,overcast clouds
205,Faya,SA,18.3851,42.4509,66.31,38,7,5.99,clear sky
206,Antalaha,MG,-14.9003,50.2788,75.43,92,11,2.28,few clouds
207,Adrar,MR,20.5022,-10.0711,89.91,13,26,1.25,scattered clouds
208,Dwarka,IN,22.2394,68.9678,81.73,63,99,15.97,overcast clouds
209,Urucara,BR,-2.5364,-57.76,94.12,43,56,3.4,broken clouds
210,Khatanga,RU,71.9667,102.5,11.7,92,100,17.16,overcast clouds
211,Barra Do Corda,BR,-5.5,-45.25,90.03,53,87,2.98,overcast clouds
212,Padang,ID,-0.9492,100.3543,77.05,90,70,3.8,light rain
213,Svoge,BG,42.9667,23.35,61.74,95,99,3.22,overcast clouds
214,Bengkulu,ID,-3.8004,102.2655,75.97,91,64,4.36,broken clouds
215,Killybegs,IE,54.6333,-8.45,53.31,90,100,24.54,moderate rain
216,Panjab,AF,34.388,67.0233,36.28,30,0,4.14,clear sky
217,Thompson,CA,55.7435,-97.8558,33.96,80,75,2.3,light shower snow
218,Uberaba,BR,-19.7483,-47.9319,90.18,27,0,14.97,clear sky
219,Vardo,NO,70.3705,31.1107,33.82,72,100,15.46,light snow
220,Provideniya,RU,64.3833,-173.3,23.07,78,100,8.72,overcast clouds
221,Novoomskiy,RU,54.8415,73.3017,46.42,76,0,15.66,clear sky
222,Xinxiang,CN,35.3089,113.8672,54.27,56,76,2.3,light rain
223,Tyrma,RU,50.0833,132.1667,30.47,93,3,2.39,clear sky
224,Puerto Escondido,MX,15.85,-97.0667,76.03,73,90,6.91,overcast clouds
225,Mogadishu,SO,2.0371,45.3438,80.01,81,10,9.13,clear sky
226,Bubaque,GW,11.2833,-15.8333,84.25,65,81,6.8,broken clouds
227,Luderitz,NA,-26.6481,15.1594,63.05,66,28,19.3,scattered clouds
228,Limbang,MY,4.75,115.0,79.11,97,100,2.86,light rain
229,Bonavista,CA,48.6499,-53.1147,53.22,99,100,10.51,light rain
230,Qaanaaq,GL,77.484,-69.3632,-1.57,58,0,7.85,clear sky
231,Muskegon,US,43.3,-86.1334,50.94,83,90,4.61,overcast clouds
232,Taybad,IR,34.74,60.7756,52.12,22,0,8.95,clear sky
233,Nome,US,64.5011,-165.4064,30.27,74,90,8.05,overcast clouds
234,Hamilton,US,39.1834,-84.5333,61.05,69,20,1.99,few clouds
235,Kruisfontein,ZA,-34.0033,24.7314,59.88,72,3,19.6,clear sky
236,Marovoay,MG,-16.1,46.6333,78.94,65,15,9.57,few clouds
237,Dunedin,NZ,-45.8742,170.5036,53.8,82,100,11.01,overcast clouds
238,Takaka,NZ,-40.85,172.8,55.98,95,100,4.54,overcast clouds
239,Palmerston,AU,-12.486,130.9833,75.18,88,90,10.36,light intensity shower rain
240,Daru,PG,-9.0763,143.2092,78.89,83,81,12.77,broken clouds
241,Necochea,AR,-38.5473,-58.7368,62.04,56,85,10.11,overcast clouds
242,Comodoro Rivadavia,AR,-45.8667,-67.5,64.26,13,20,21.85,few clouds
243,Saldanha,ZA,-33.0117,17.9442,59.36,75,18,8.48,few clouds
244,Mareeba,AU,-17.0,145.4333,70.52,96,41,4.97,scattered clouds
245,Amot,NO,59.5714,7.9877,36.77,69,78,2.19,broken clouds
246,Portland,US,45.5234,-122.6762,53.29,94,90,1.01,moderate rain
247,Wairoa,NZ,-39.0333,177.3667,55.6,76,100,1.99,overcast clouds
248,Tautira,PF,-17.7333,-149.15,75.22,89,100,12.28,light rain
249,Caravelas,BR,-17.7125,-39.2481,79.86,67,69,9.28,broken clouds
250,Orange Walk,BZ,17.8333,-88.8333,80.46,60,61,3.49,broken clouds
251,Vestmanna,FO,62.1564,-7.1664,49.12,100,90,18.41,mist
252,Narsaq,GL,60.9167,-46.05,37.62,79,92,3.04,overcast clouds
253,Cayenne,GF,4.9333,-52.3333,82.09,85,75,7.0,broken clouds
254,Lavrentiya,RU,65.5833,-171.0,24.03,87,100,10.0,overcast clouds
255,Tiznit,MA,29.5833,-9.5,70.29,60,0,6.29,clear sky
256,Mondolfo,IT,43.7494,13.0979,61.68,80,54,5.5,broken clouds
257,Lamu,KE,-2.2717,40.902,77.22,81,33,9.86,scattered clouds
258,Katangli,RU,51.7102,143.2326,32.23,92,20,12.26,few clouds
259,Sao Felix Do Xingu,BR,-6.6447,-51.995,88.86,57,93,3.94,overcast clouds
260,Chokurdakh,RU,70.6333,147.9167,-4.54,94,100,5.61,overcast clouds
261,San Patricio,US,28.017,-97.5169,86.02,58,98,11.34,overcast clouds
262,Aklavik,CA,68.2191,-135.0107,23.23,93,57,10.16,broken clouds
263,Amarante Do Maranhao,BR,-5.5667,-46.7422,82.26,71,100,1.66,moderate rain
264,Tosya,TR,41.0155,34.0401,55.96,40,0,1.97,clear sky
265,Severo-Kurilsk,RU,50.6789,156.125,37.9,80,50,9.46,scattered clouds
266,Nishihara,JP,26.1842,127.7558,72.68,61,75,9.22,broken clouds
267,Bowen,AU,-20.0167,148.2333,71.82,76,35,8.08,scattered clouds
268,Mackay,AU,-21.15,149.2,76.98,83,90,10.36,overcast clouds
269,Kodiak,US,57.79,-152.4072,42.31,81,90,8.05,light rain
270,Lalibela,ET,12.0333,39.0333,59.49,46,57,8.97,broken clouds
271,Honiara,SB,-9.4333,159.95,76.21,83,10,3.98,clear sky
272,Saint-Georges,GD,12.0564,-61.7485,87.48,66,20,19.57,few clouds
273,Bredasdorp,ZA,-34.5322,20.0403,57.27,62,78,9.8,broken clouds
274,Bestobe,KZ,52.4994,73.0975,50.83,62,94,21.0,overcast clouds
275,Tuktoyaktuk,CA,69.4541,-133.0374,28.4,93,90,8.05,overcast clouds
276,Bijie,CN,27.3125,105.2942,47.34,94,100,4.23,overcast clouds
277,Vila Velha,BR,-20.3297,-40.2925,78.75,73,40,14.97,scattered clouds
278,Mangrol,IN,21.1167,70.1167,79.97,64,12,9.75,few clouds
279,Rumonge,BI,-3.9736,29.4386,77.52,70,34,4.76,scattered clouds
280,Hambantota,LK,6.1241,81.1185,79.83,77,14,13.0,few clouds
281,Awbari,LY,26.5921,12.7805,88.43,16,87,6.08,overcast clouds
282,Mandalgovi,MN,45.7625,106.2708,35.89,32,0,4.68,clear sky
283,Gat,IL,31.61,34.7642,74.08,100,0,8.1,clear sky
284,Maneadero,MX,31.7167,-116.5667,66.09,79,82,1.99,broken clouds
285,Gornyy,RU,55.1153,83.9059,41.79,91,100,22.7,light rain
286,North Platte,US,41.1239,-100.7654,44.49,81,90,5.75,overcast clouds
287,Dejen,ET,10.1667,38.1333,54.61,58,73,3.69,broken clouds
288,Sao Miguel Do Tapuio,BR,-5.5036,-41.3233,98.69,28,99,7.63,overcast clouds
289,Westport,US,41.1415,-73.3579,59.05,64,90,5.99,overcast clouds
290,Lethem,GY,3.3803,-59.7968,92.86,44,34,7.72,scattered clouds
291,Warrington,GB,53.3925,-2.5802,54.86,76,90,1.99,overcast clouds
292,Cabedelo,BR,-6.9811,-34.8339,86.67,66,42,12.15,scattered clouds
293,Sohag,EG,26.557,31.6948,77.29,34,2,13.82,clear sky
294,Kaduqli,SD,11.0167,29.7167,87.73,37,69,3.44,broken clouds
295,Port Lincoln,AU,-34.7333,135.8667,53.65,78,5,10.58,clear sky
296,Victoria,HK,22.2855,114.1577,70.32,77,73,1.01,broken clouds
297,Iqaluit,CA,63.7506,-68.5145,29.7,74,77,5.01,broken clouds
298,Pevek,RU,69.7008,170.3133,12.29,94,100,7.11,overcast clouds
299,Tateyama,JP,34.9833,139.8667,57.09,57,73,11.39,broken clouds
300,Sinop,TR,41.7711,34.8709,48.63,65,1,1.23,clear sky
301,Los Alamos,US,35.8881,-106.307,63.14,28,1,4.0,clear sky
302,Pangnirtung,CA,66.1451,-65.7125,27.61,93,100,2.57,light snow
303,Bac Lieu,VN,9.285,105.7244,80.35,81,18,6.78,moderate rain
304,Luganville,VU,-15.5333,167.1667,77.36,89,61,4.97,broken clouds
305,Kizhinga,RU,51.8462,109.9097,31.32,72,38,4.21,scattered clouds
306,Bay Roberts,CA,47.5999,-53.2648,63.43,91,100,5.99,light rain
307,Urubicha,BO,-15.3833,-62.95,101.95,28,22,9.19,few clouds
308,Shubarshi,KZ,48.5872,57.1869,50.52,50,2,9.78,clear sky
309,Egvekinot,RU,66.3167,-179.1667,8.89,81,100,7.34,overcast clouds
310,Oksfjord,NO,70.2396,22.3479,34.72,96,100,8.95,snow
311,Esso,RU,55.9333,158.7,24.84,98,100,3.87,overcast clouds
312,Makat,KZ,47.6469,53.3463,52.68,46,0,9.17,clear sky
313,Garowe,SO,8.4054,48.4845,85.24,32,4,6.73,clear sky
314,Pozo Colorado,PY,-23.4923,-58.7972,108.23,20,0,17.11,clear sky
315,Sao Joao Da Barra,BR,-21.6403,-41.0511,78.89,78,29,15.46,scattered clouds
316,Lufilufi,WS,-13.8745,-171.5986,76.78,70,100,16.69,overcast clouds
317,Irbeyskoye,RU,55.6428,95.4522,34.05,69,53,6.82,broken clouds
318,Ningxiang,CN,37.34,111.2052,43.18,74,58,3.67,broken clouds
319,Mandera,KE,3.9366,41.867,83.01,58,83,15.17,broken clouds
320,Takhatpur,IN,22.15,81.8667,68.97,64,3,4.05,clear sky
321,Edd,ER,13.9297,41.6925,87.66,61,33,11.95,scattered clouds
322,Beloha,MG,-25.1667,45.05,72.79,74,13,7.47,few clouds
323,Uruana,BR,-15.4981,-49.6875,90.95,35,82,7.18,broken clouds
324,Grand Gaube,MU,-20.0064,57.6608,75.6,73,3,5.01,clear sky
325,Road Town,VG,18.4167,-64.6167,86.2,66,20,9.22,few clouds
326,Maniitsoq,GL,65.4167,-52.9,25.97,51,67,7.65,broken clouds
327,Foz Do Iguacu,BR,-25.5478,-54.5881,68.92,100,90,14.97,thunderstorm
328,Omsukchan,RU,62.5333,155.8,1.11,91,100,2.84,overcast clouds
329,Hasaki,JP,35.7333,140.8333,41.4,55,0,14.32,clear sky
330,Wukari,NG,7.85,9.7833,74.91,86,78,2.37,broken clouds
331,Shelburne,CA,44.0787,-80.2041,45.9,67,99,4.21,overcast clouds
332,Atagay,RU,55.1033,99.3875,32.92,88,72,4.63,broken clouds
333,Marang,MY,5.2056,103.2059,76.91,80,45,1.19,scattered clouds
334,Latung,PH,5.5,120.8833,81.46,77,100,9.64,overcast clouds
335,Pasareni,RO,46.4833,24.7,50.02,66,88,9.31,overcast clouds
336,Maceio,BR,-9.6658,-35.7353,90.84,62,40,14.97,scattered clouds
337,Nemuro,JP,43.3236,145.575,44.04,74,32,10.89,scattered clouds
338,Marica,BR,-22.9194,-42.8186,91.29,72,0,13.8,clear sky
339,Innisfail,AU,-17.5333,146.0333,72.57,88,33,1.52,scattered clouds
340,Skala,PL,50.2305,19.8536,41.4,88,75,5.75,broken clouds
341,Ambanja,MG,-13.6833,48.45,77.4,85,61,0.31,broken clouds
342,Asau,RO,46.4333,26.4,47.95,60,6,4.83,light rain
343,Borba,BR,-4.3878,-59.5939,94.89,42,98,1.68,overcast clouds
344,Cabinda,AO,-5.55,12.2,79.3,81,92,8.37,overcast clouds
345,Laguna,US,38.421,-121.4238,63.25,82,75,3.0,broken clouds
346,Coquimbo,CL,-29.9533,-71.3436,60.53,67,20,10.36,few clouds
347,Maues,BR,-3.3836,-57.7186,90.43,52,64,3.0,broken clouds
348,Itarema,BR,-2.9248,-39.9167,88.97,53,75,15.7,broken clouds
349,Ostrovnoy,RU,68.0531,39.5131,29.88,85,100,16.4,light snow
350,Ligayan,PH,4.6533,119.4706,81.48,75,100,5.1,overcast clouds
351,Lokosovo,RU,61.1333,74.8167,43.18,88,97,12.41,light rain
352,Maragogi,BR,-9.0122,-35.2225,83.52,68,85,13.27,overcast clouds
353,Prince George,CA,53.9166,-122.753,40.62,90,92,1.01,overcast clouds
354,Mbanza-Ngungu,CD,-5.25,14.8667,74.19,80,97,2.64,light rain
355,Karratha,AU,-20.7377,116.8463,80.58,44,79,10.63,broken clouds
356,Rorvik,NO,64.8621,11.2373,45.61,64,100,8.08,light rain
357,Luanda,AO,-8.8368,13.2343,78.8,78,20,11.5,few clouds
358,Phangnga,TH,8.4509,98.5298,83.91,94,100,3.2,light rain
359,San Policarpo,PH,12.1791,125.5072,80.49,81,100,5.59,overcast clouds
360,Guerrero Negro,MX,27.9769,-114.0611,69.96,66,4,16.28,clear sky
361,Dolores,AR,-36.3132,-57.6792,65.25,66,89,12.3,overcast clouds
362,Arman,RU,59.7,150.1667,21.06,72,98,9.44,overcast clouds
363,Kayerkan,RU,69.3497,87.7602,20.08,94,98,7.11,overcast clouds
364,Axim,GH,4.8699,-2.2405,79.25,80,99,7.09,light rain
365,Te Anau,NZ,-45.4167,167.7167,49.96,95,100,0.34,light rain
366,Isangel,VU,-19.55,169.2667,75.16,87,85,10.98,overcast clouds
367,Valguarnera Caropepe,IT,37.4955,14.3888,66.0,97,100,5.7,overcast clouds
368,Mayo,US,38.8876,-76.5119,67.37,68,75,4.0,broken clouds
369,Kirakira,SB,-10.4544,161.9205,78.44,86,22,6.85,few clouds
370,Margate,GB,51.3813,1.3862,55.11,72,69,12.03,broken clouds
371,Brae,GB,60.3964,-1.353,51.71,91,100,24.81,overcast clouds
372,Los Llanos De Aridane,ES,28.6585,-17.9182,67.12,81,75,4.0,broken clouds
373,Ostersund,SE,63.1792,14.6357,36.05,93,75,10.36,broken clouds
374,Baykit,RU,61.67,96.37,33.55,86,99,10.11,overcast clouds
375,Manggar,ID,-2.8833,108.2667,80.15,76,67,0.69,broken clouds
376,Hualmay,PE,-11.0964,-77.6139,68.65,69,38,12.01,scattered clouds
377,Zyryanka,RU,65.75,150.85,-9.31,99,53,2.82,broken clouds
378,Ust-Tsilma,RU,65.441,52.1498,25.7,92,13,6.46,few clouds
379,Tsalenjikha,GE,42.6044,42.0682,46.62,81,0,3.8,clear sky
380,Nikolskoye,RU,59.7035,30.7861,37.87,91,100,9.04,light rain
381,Saint-Pierre,RE,-21.3393,55.4781,76.68,81,73,2.3,broken clouds
382,Petropavlovsk-Kamchatskiy,RU,53.0452,158.6483,28.99,100,75,4.47,broken clouds
383,Bambanglipuro,ID,-7.95,110.2833,77.74,87,100,4.52,overcast clouds
384,Jiazi,CN,22.8779,116.067,66.97,76,90,9.04,overcast clouds
385,San Quintin,MX,30.4833,-115.95,66.65,72,42,14.79,scattered clouds
386,Avsyunino,RU,55.5652,39.1232,42.39,78,64,10.2,broken clouds
387,Bilibino,RU,68.0546,166.4372,-4.97,100,100,0.4,overcast clouds
388,Potsdam,DE,52.3989,13.0657,50.11,90,48,6.44,scattered clouds
389,Bom Jesus Do Galho,BR,-19.8289,-42.3161,81.19,60,78,7.4,broken clouds
390,Booue,GA,-0.0921,11.9385,75.83,86,80,2.21,broken clouds
391,Nosy Varika,MG,-20.5833,48.5333,76.59,90,38,10.76,scattered clouds
392,Vanavara,RU,60.34,102.2797,31.87,75,93,11.05,overcast clouds
393,Brainerd,US,46.358,-94.2008,47.23,61,75,3.44,broken clouds
394,Avera,US,33.194,-82.5271,72.28,45,0,5.77,clear sky
395,Wainwright,CA,52.839,-110.8572,33.71,55,100,17.36,overcast clouds
396,The Valley,AI,18.217,-63.0578,87.66,65,20,14.97,few clouds
397,Aquiraz,BR,-3.9014,-38.3911,91.22,57,76,13.02,broken clouds
398,Novyy Urengoy,RU,66.0833,76.6333,31.62,99,100,6.24,light snow
399,Tilichiki,RU,60.4667,166.1,5.76,87,95,7.96,overcast clouds
400,Oistins,BB,13.0667,-59.5333,87.89,62,40,24.16,scattered clouds
401,Port Hedland,AU,-20.3167,118.5667,77.05,41,63,9.22,broken clouds
402,Waitati,NZ,-45.75,170.5667,53.8,82,100,7.38,overcast clouds
403,Saint-Augustin,CA,51.226,-58.6502,41.43,86,100,16.84,overcast clouds
404,Sao Filipe,CV,14.8961,-24.4956,80.69,65,0,4.54,clear sky
405,Emilio Carranza,MX,19.9711,-96.6114,82.44,66,47,7.54,scattered clouds
406,Ivanovka,KG,42.8878,75.085,34.23,39,10,3.83,clear sky
407,Haines Junction,CA,60.7522,-137.5108,29.41,96,100,0.92,overcast clouds
408,Kwekwe,ZW,-18.9281,29.8149,83.44,28,63,6.08,broken clouds
409,Dzerzhinskoye,RU,56.8344,95.2283,39.54,56,100,12.03,overcast clouds
410,Fort Nelson,CA,58.8053,-122.7002,37.71,69,20,2.01,few clouds
411,Peniche,PT,39.3558,-9.3811,76.48,63,96,9.66,overcast clouds
412,Van,TR,38.4924,43.3831,43.95,65,0,4.61,clear sky
413,Meulaboh,ID,4.1363,96.1285,77.14,89,93,3.09,overcast clouds
414,Cabildo,AR,-38.4842,-61.8954,66.24,17,79,19.1,broken clouds
415,Shaunavon,CA,49.6501,-108.4181,40.78,66,98,20.07,overcast clouds
416,Uyo,NG,5.0333,7.9266,74.59,89,69,3.22,broken clouds
417,Madaoua,NE,14.073,5.96,88.41,38,79,8.55,broken clouds
418,Batesville,US,35.7698,-91.641,74.95,54,1,10.0,clear sky
419,Shu,KZ,43.5983,73.7614,47.23,50,17,1.61,few clouds
420,Eyl,SO,7.9803,49.8164,79.03,75,5,10.83,clear sky
421,Leningradskiy,RU,69.3833,178.4167,9.03,88,100,8.88,overcast clouds
422,Bathsheba,BB,13.2167,-59.5167,88.41,62,40,24.16,scattered clouds
423,Kargasok,RU,59.0556,80.8572,44.1,90,100,17.56,light rain
424,Tiarei,PF,-17.5333,-149.3333,75.22,91,100,10.94,light rain
425,Nanortalik,GL,60.1432,-45.2371,36.77,72,25,6.31,scattered clouds
426,Pemangkat,ID,1.1667,108.9667,79.34,78,98,2.08,overcast clouds
427,Ihosy,MG,-22.4,46.1167,75.88,16,0,6.55,clear sky
428,Si Racha,TH,13.1737,100.9311,81.9,88,77,10.51,broken clouds
429,San Juan,AR,-31.5375,-68.5364,73.42,22,0,9.69,clear sky
430,Minab,IR,27.1467,57.0801,81.9,49,0,0.98,clear sky
431,Carballo,ES,43.213,-8.691,61.77,76,100,3.6,overcast clouds
432,Alekseyevka,RU,50.6309,38.6903,48.65,51,57,8.63,broken clouds
433,Marshall,US,34.3834,-86.3333,71.71,64,1,0.0,clear sky
434,Katsuura,JP,35.1333,140.3,57.31,59,25,10.29,scattered clouds
435,Pundaguitan,PH,6.3711,126.1689,82.29,75,100,2.01,overcast clouds
436,Fengzhen,CN,40.4394,113.1536,41.2,47,10,2.73,clear sky
437,Bell Ville,AR,-32.6259,-62.6887,73.67,36,82,15.03,broken clouds
438,Corpus Christi,US,27.8006,-97.3964,86.18,78,40,3.0,scattered clouds
439,Tezu,IN,27.9167,96.1667,70.68,75,14,3.56,few clouds
440,Saldus,LV,56.6636,22.4881,40.98,81,98,11.7,overcast clouds
441,Aparecida Do Taboado,BR,-20.0867,-51.0936,94.69,33,0,11.1,clear sky
442,Aksarka,RU,66.5606,67.7975,29.57,93,98,9.98,overcast clouds
443,Ravar,IR,31.2656,56.8055,59.95,16,0,3.13,clear sky
444,Walvis Bay,NA,-22.9575,14.5053,63.09,76,0,24.36,clear sky
445,Harper,LR,4.375,-7.7169,79.48,84,100,8.14,light rain
446,Lublin,PL,51.0,23.0,42.39,75,81,13.09,broken clouds
447,Belaya Gora,RU,68.5333,146.4167,-12.32,96,79,4.23,broken clouds
448,San Jose,US,37.3394,-121.895,63.64,74,40,5.75,scattered clouds
449,Goya,AR,-29.14,-59.2626,65.1,93,100,9.48,overcast clouds
450,Qui Nhon,VN,13.7667,109.2333,74.39,96,100,10.92,overcast clouds
451,Pantai Remis,MY,4.4557,100.6288,78.82,91,100,5.53,overcast clouds
452,Tynda,RU,55.1667,124.7167,30.74,87,18,2.24,few clouds
453,Porto Novo,BJ,6.4965,2.6036,76.55,89,96,4.68,light rain
454,Kargalinskaya,RU,43.7417,46.4792,54.54,80,0,5.26,clear sky
455,Atenas De San Cristobal,HN,15.6833,-87.3167,89.73,89,40,4.61,scattered clouds
456,Helong,CN,42.5397,128.9972,35.64,69,0,5.19,clear sky
457,Awjilah,LY,29.1081,21.2869,78.94,27,3,7.85,clear sky
458,Sorong,ID,-0.8833,131.25,79.02,83,42,7.31,light rain
459,Naze,JP,28.3667,129.4833,67.96,73,83,18.21,broken clouds
460,Waipawa,NZ,-41.4122,175.5153,54.23,82,90,3.6,overcast clouds
461,Riohacha,CO,11.5444,-72.9072,90.61,56,25,16.53,scattered clouds
462,Dryden,CA,49.7833,-92.7503,37.69,93,75,5.75,broken clouds
463,Antofagasta,CL,-23.65,-70.4,63.68,64,23,11.39,few clouds
464,Mandal,IN,25.45,74.5667,70.9,61,0,7.0,clear sky
465,Port Macquarie,AU,-31.4333,152.9167,64.89,95,21,4.9,few clouds
466,Puerto Palomas,MX,31.7667,-107.6167,72.73,22,0,14.16,clear sky
467,Myaundzha,RU,63.0494,147.1858,-9.58,98,59,3.69,broken clouds
468,Burnie,AU,-41.0667,145.9167,50.94,71,96,10.96,overcast clouds
469,Inzhavino,RU,52.3185,42.4937,46.94,83,90,8.57,light rain
470,Port Blair,IN,11.6667,92.75,80.31,78,88,1.63,overcast clouds
471,Blind River,CA,46.1834,-82.9582,50.25,56,21,5.55,few clouds
472,Nandi Hills,KE,0.1066,35.1838,57.6,87,90,4.5,overcast clouds
473,Santa Maria,BR,-29.6842,-53.8069,66.43,95,100,6.6,light rain
474,Gagnoa,CI,6.1293,-5.9437,76.28,95,100,3.53,moderate rain
475,Vrangel,RU,42.7297,133.0839,46.74,59,0,6.76,clear sky
476,Quatre Cocos,MU,-20.2078,57.7625,75.09,79,17,10.33,few clouds
477,Norman Wells,CA,65.282,-126.8329,29.93,90,71,3.85,broken clouds
478,Jalu,LY,29.0331,21.5482,78.48,28,1,8.52,clear sky
479,Hondo,JP,32.45,130.2,61.75,61,8,10.13,clear sky
480,Kidal,ML,18.4411,1.4078,97.77,14,75,6.53,broken clouds
481,Pacific Grove,US,36.6177,-121.9166,60.91,84,1,1.99,clear sky
482,Micheweni,TZ,-4.9667,39.8333,77.5,77,95,8.72,overcast clouds
483,Zapadnaya Dvina,RU,56.259,32.0745,38.23,96,99,11.63,light rain
484,Mana,GF,5.6592,-53.7767,83.5,78,100,7.16,moderate rain
485,Akyab,MM,20.15,92.9,77.83,80,98,5.08,overcast clouds
486,Annamalainagar,IN,11.4,79.7333,80.8,80,65,8.19,broken clouds
487,Zhigansk,RU,66.7697,123.3711,21.34,95,100,16.75,snow
488,Anandnagar,IN,27.1,83.2833,74.7,79,53,4.81,broken clouds
489,Broken Hill,AU,-31.95,141.4333,51.85,55,0,15.68,clear sky
490,Astana,KZ,51.1801,71.446,49.95,76,75,22.37,broken clouds
491,Almeirim,BR,-1.5233,-52.5817,90.27,50,37,4.45,heavy intensity rain
492,Ayan,RU,56.45,138.1667,40.15,73,90,14.41,overcast clouds
493,Sisimiut,GL,66.9395,-53.6735,22.89,93,100,13.51,light snow
494,Yellowknife,CA,62.456,-114.3525,42.42,84,95,17.0,overcast clouds
495,Ilulissat,GL,69.2167,-51.1,19.42,79,90,21.85,light snow
496,Lac Du Bonnet,CA,50.2536,-96.0612,40.21,63,12,4.47,few clouds
497,Aleksandrov Gay,RU,50.147,48.5704,56.5,67,100,9.08,overcast clouds
498,Intipuca,SV,13.1969,-88.0544,94.77,61,93,3.33,overcast clouds
499,Namatanai,PG,-3.6667,152.4333,78.8,81,47,7.36,scattered clouds
500,Sept-Iles,CA,50.2001,-66.3821,49.05,98,90,5.01,light intensity drizzle
501,Brokopondo,SR,4.75,-55.1667,85.66,68,41,6.53,scattered clouds
502,Afonso Bezerra,BR,-5.4983,-36.5056,96.76,34,54,11.95,broken clouds
503,Marystown,CA,47.1666,-55.1483,61.86,100,100,5.01,light rain
504,Erenhot,CN,43.6475,111.9767,44.15,35,20,6.33,few clouds
505,Khandyga,RU,62.6667,135.6,-0.9,99,53,1.86,broken clouds
506,Kutum,SD,14.2,24.6667,83.12,21,10,10.22,clear sky
507,Eskisehir,TR,39.7767,30.5206,57.07,62,0,9.22,clear sky
508,Vyazemskiy,RU,47.5378,134.7525,38.52,71,0,9.06,clear sky
509,Yabrud,SY,33.9674,36.6574,60.46,64,1,4.14,clear sky
510,Obanazawa,JP,38.6033,140.4019,47.23,81,89,2.86,overcast clouds
511,Lusambo,CD,-4.9667,23.45,79.88,62,98,2.04,overcast clouds
512,Beitbridge,ZW,-22.2167,30.0,96.62,18,0,9.35,clear sky
513,Bangassou,CF,4.7413,22.8184,75.83,78,75,1.43,broken clouds
514,Digby,CA,44.6169,-65.7655,63.7,80,100,5.12,overcast clouds
515,Bamenda,CM,5.9527,10.1582,65.43,94,94,1.19,light rain
516,Qarqin,AF,37.4185,66.0436,53.29,24,0,3.6,clear sky
517,West Wendover,US,40.7391,-114.0733,45.61,71,90,4.61,light rain
518,Balaipungut,ID,1.05,101.2833,79.21,95,61,0.87,broken clouds
519,Ishigaki,JP,24.3448,124.1572,76.48,65,98,16.15,overcast clouds
520,Sindor,RU,62.8629,51.8905,30.27,89,96,5.84,overcast clouds
521,Pinega,RU,64.7001,43.3936,21.96,95,64,3.29,broken clouds
522,Yumbing,PH,9.2393,124.6578,78.85,84,100,7.52,moderate rain
523,Flinders,AU,-34.5833,150.8552,65.21,88,75,5.01,broken clouds
524,Krechevitsy,RU,58.617,31.401,38.44,96,100,6.42,overcast clouds
525,Kununurra,AU,-15.7667,128.7333,78.78,89,2,6.91,clear sky
526,Upata,VE,8.0086,-62.3989,81.97,68,86,7.23,overcast clouds
527,Elk City,US,35.412,-99.4043,77.22,57,1,14.97,clear sky
528,Labuhan,ID,-6.8844,112.2051,80.51,77,93,9.15,overcast clouds
529,Sabang,ID,5.8933,95.3214,81.59,76,90,4.94,moderate rain
530,Seguela,CI,7.9611,-6.6731,81.81,73,99,3.96,light rain
531,Aswan,EG,24.0934,32.907,81.9,23,0,11.52,clear sky
532,Cavalcante,BR,-13.7975,-47.4583,87.42,42,100,4.52,overcast clouds
533,Sobolevo,RU,54.4299,31.8996,42.53,68,97,15.46,overcast clouds
534,Funtua,NG,11.5233,7.3081,71.19,83,93,14.32,light rain
535,Waddan,LY,29.1614,16.139,86.56,16,87,9.53,overcast clouds
536,Russell,US,32.3502,-85.1999,70.99,50,1,0.0,clear sky
537,Lerik,AZ,38.7726,48.4128,44.24,82,93,1.97,overcast clouds
538,Changli,CN,39.7042,119.1506,47.39,62,0,4.72,clear sky
539,Angoche,MZ,-16.2325,39.9086,77.16,75,15,16.67,few clouds
540,Les Escoumins,CA,48.1111,-69.0236,40.35,65,100,4.94,overcast clouds
541,Sfantu Gheorghe,RO,45.8667,25.7833,49.93,74,54,5.48,broken clouds
542,Mezen,RU,65.8522,44.24,28.63,91,86,2.8,overcast clouds
543,Luang Prabang,LA,19.8856,102.1347,69.12,91,91,1.77,overcast clouds
544,Wasilla,US,61.5814,-149.4394,41.36,72,75,5.99,broken clouds
545,Tawau,MY,4.2498,117.8871,77.13,84,98,4.29,overcast clouds
546,Esqueda,MX,30.7167,-109.5833,72.75,27,0,9.84,clear sky
547,Pasco,US,28.292,-82.4165,88.21,58,86,1.99,overcast clouds
548,Staraya Kulatka,RU,52.7167,47.6167,48.31,78,97,2.84,moderate rain
549,Saint Andrews,US,34.0454,-81.1293,74.3,50,1,1.99,clear sky
550,Skibbereen,IE,51.55,-9.2667,55.2,94,100,26.22,overcast clouds
551,Arlit,NE,18.7369,7.3853,95.31,10,50,5.3,scattered clouds
552,Barao De Melgaco,BR,-16.1944,-55.9675,97.32,28,26,11.59,scattered clouds
553,Yeniseysk,RU,58.4497,92.1703,35.55,95,100,13.4,light rain
554,Brownwood,US,31.7093,-98.9912,81.21,57,1,17.27,clear sky
555,Zhanakorgan,KZ,43.9098,67.2495,49.89,36,17,7.07,few clouds
556,Rincon,US,32.296,-81.2354,78.76,50,1,8.05,clear sky
557,Smithers,CA,54.7804,-127.1743,41.22,81,99,3.36,overcast clouds
558,Roma,US,43.2128,-75.4557,53.38,67,75,1.01,broken clouds
559,Iquitos,PE,-3.7481,-73.2472,91.44,62,75,6.91,broken clouds
560,Atar,MR,20.5169,-13.0499,94.8,9,3,4.32,clear sky
561,Darhan,MN,49.4867,105.9228,36.25,49,22,1.72,few clouds
562,Sayyan,YE,15.1718,44.3244,60.1,24,64,10.8,broken clouds
563,Krasnoarmeysk,RU,51.0239,45.6969,50.29,73,100,13.4,overcast clouds
564,Ndele,CF,8.4109,20.6473,67.91,92,86,6.33,moderate rain
565,San Jose Pinula,GT,14.5461,-90.4114,73.92,71,75,4.61,broken clouds
566,Mantua,IT,45.1667,10.7833,64.71,85,72,1.99,broken clouds
567,Houston,US,29.7633,-95.3633,85.55,75,75,4.0,broken clouds
568,Nioki,CD,-2.7167,17.6833,74.61,94,63,3.71,broken clouds
569,Campeche,MX,19.0,-90.5,90.27,44,89,4.65,overcast clouds
570,Kouqian,CN,43.6391,126.4578,39.52,63,0,5.88,clear sky
571,Los Algarrobos,PA,8.5,-82.4333,86.45,74,40,5.75,scattered clouds
572,Acapulco,MX,16.8634,-99.8901,75.02,94,90,13.8,overcast clouds
573,Bilma,NE,18.6853,12.9164,90.09,12,5,8.43,clear sky
574,Aitape,PG,-3.1374,142.3475,77.77,87,67,5.23,broken clouds
575,San Cristobal,VE,7.7669,-72.225,80.78,58,82,6.2,broken clouds
576,Ginda,IN,30.6945,78.4932,49.71,81,0,6.53,clear sky
577,Manaia,NZ,-39.55,174.1333,52.81,77,100,13.31,overcast clouds
578,Jardim,BR,-21.4803,-56.1381,99.55,31,23,18.07,few clouds
579,Virginia Beach,US,36.8529,-75.978,74.01,62,40,9.22,scattered clouds
580,Gushi,CN,34.6425,109.5843,51.73,75,24,3.24,light rain
581,Lagos,NG,6.5833,3.75,79.12,91,98,5.79,light rain
582,Pasaje,EC,-3.3333,-79.8167,80.31,66,97,6.58,overcast clouds
583,Itoman,JP,26.1247,127.6694,73.42,60,75,9.22,broken clouds
584,Shenjiamen,CN,29.9576,122.298,65.14,59,100,9.33,overcast clouds
585,Otane,NZ,-39.8833,176.6333,55.0,72,100,4.5,overcast clouds
586,La Ronge,CA,55.1001,-105.2842,37.45,69,17,16.4,few clouds
587,Abu Dhabi,AE,24.4667,54.3667,86.11,66,0,6.91,clear sky
588,Yanam,IN,16.7333,82.2167,75.43,94,62,2.77,light rain
589,Verkhnyaya Balkariya,RU,43.1279,43.4573,43.72,66,6,6.15,clear sky
590,Hami,CN,42.8,93.45,50.34,39,100,6.04,overcast clouds
591,Barranca,PE,-10.75,-77.7667,67.39,70,85,12.1,overcast clouds
592,Grootfontein,NA,-19.5667,18.1167,83.16,14,3,10.63,clear sky
593,Yar-Sale,RU,66.8333,70.8333,30.54,92,100,8.84,overcast clouds
594,Malanje,AO,-9.5402,16.341,73.67,66,98,2.37,overcast clouds
595,Pochutla,MX,15.7432,-96.4661,75.81,82,97,1.99,overcast clouds
596,Letterkenny,IE,54.95,-7.7333,54.19,92,100,14.5,moderate rain
597,Rocha,UY,-34.4833,-54.3333,59.23,80,100,0.76,moderate rain
598,Ust-Kulom,RU,61.6864,53.6902,37.83,96,100,9.04,overcast clouds
599,Dickinson,US,29.4608,-95.0513,85.05,71,75,4.0,broken clouds
600,Oranjestad,AW,12.524,-70.027,91.35,58,40,21.85,scattered clouds
601,Nortelandia,BR,-14.4547,-56.8028,99.57,33,99,8.28,overcast clouds
602,Dholka,IN,22.7167,72.4667,80.98,68,0,8.34,clear sky
603,Morris,US,40.8334,-74.5329,57.61,70,75,1.01,broken clouds
604,Sola,VU,-13.8833,167.55,81.0,76,19,15.93,few clouds
605,Tacuarembo,UY,-31.7333,-55.9833,59.58,93,100,2.24,overcast clouds
606,Luba,GQ,3.4568,8.5547,78.28,85,94,4.65,overcast clouds
607,Nioro,GM,13.35,-15.75,90.93,34,55,4.18,broken clouds
608,Kamaishi,JP,39.2667,141.8833,45.14,71,3,5.77,clear sky
609,San Andres,CO,12.5847,-81.7006,83.07,78,36,13.76,scattered clouds
610,Barmer,IN,25.75,71.3833,79.66,57,9,16.44,clear sky
611,Kiunga,PG,-6.1219,141.2906,73.31,94,95,2.33,overcast clouds
612,Gazli,UZ,40.1333,63.45,54.48,28,0,14.7,clear sky
613,Touros,BR,-5.1989,-35.4608,88.7,55,33,12.64,scattered clouds
614,Nantucket,US,41.2835,-70.0995,63.25,79,49,11.3,scattered clouds
615,Parana,AR,-31.732,-60.5238,73.54,62,100,11.97,overcast clouds
616,Hokitika,NZ,-42.7167,170.9667,55.11,82,100,1.07,overcast clouds
617,Angol,CL,-37.8,-72.7167,61.32,40,62,4.68,broken clouds
618,Vikulovo,RU,56.8167,70.6107,47.28,75,58,17.65,broken clouds
619,Souillac,MU,-20.5167,57.5167,75.36,80,4,10.49,clear sky
620,Magadan,RU,59.5667,150.8,23.95,74,94,11.81,overcast clouds
621,Korgen,NO,66.0771,13.8153,31.17,96,74,3.98,broken clouds
622,Belen,TR,36.4891,36.2233,62.74,68,0,14.97,clear sky
623,Half Moon Bay,US,37.4636,-122.4286,62.83,81,40,1.01,mist
624,Merauke,ID,-8.4667,140.3333,77.65,78,70,11.48,broken clouds
625,Sohbatpur,PK,28.5202,68.5434,79.59,16,0,6.73,clear sky
626,Manaus,BR,-3.1019,-60.025,86.5,70,40,4.61,scattered clouds
627,Tabou,CI,4.423,-7.3528,79.2,85,93,7.94,light rain
628,Eregli,TR,37.5133,34.0467,55.83,22,0,1.66,clear sky
629,Mamlyutka,KZ,54.9375,68.5394,48.69,74,48,17.6,scattered clouds
630,Muzhi,RU,65.3667,64.6667,29.95,75,61,14.14,broken clouds
631,Praya,CV,14.9215,-23.5087,86.54,51,0,16.11,clear sky
632,Sur,OM,22.5667,59.5289,82.11,59,0,1.7,clear sky
633,Orizatlan,MX,21.1833,-98.6167,79.14,70,99,2.77,overcast clouds
634,Vila,PT,42.0304,-8.1588,54.34,72,100,3.02,overcast clouds
635,Slonim,BY,53.0867,25.3219,42.49,82,87,12.93,overcast clouds
636,Sulangan,PH,11.1373,123.7228,81.79,76,100,6.55,overcast clouds
637,Dauphin,CA,51.1494,-100.0502,39.34,75,90,11.5,overcast clouds
638,Mitu,CO,1.1983,-70.1733,87.01,65,76,3.42,broken clouds
639,Dorado,PR,18.4588,-66.2677,92.17,60,40,16.11,scattered clouds
640,Henties Bay,NA,-22.116,14.2845,62.85,78,0,15.55,clear sky
641,Galveston,US,29.3669,-94.9669,85.05,66,81,5.01,broken clouds
642,Yarim,YE,14.298,44.3779,57.52,28,83,11.14,broken clouds
643,Aliaga,PH,15.5167,120.8667,75.09,86,100,0.89,overcast clouds
644,Yarada,IN,17.65,83.2667,82.72,89,75,2.3,mist
645,Yatou,CN,37.15,122.3833,50.22,63,17,1.9,few clouds
646,Barra Do Garcas,BR,-15.89,-52.2567,95.58,41,75,6.91,broken clouds
647,Nacala,MZ,-14.5428,40.6728,76.01,78,43,12.71,scattered clouds
648,Okhotsk,RU,59.3833,143.3,16.81,79,74,12.86,broken clouds
649,Flin Flon,CA,54.7682,-101.865,36.75,78,100,9.26,overcast clouds
650,Sunndalsora,NO,62.6754,8.5515,43.45,85,95,10.33,overcast clouds
651,Tiruchchendur,IN,8.4833,78.1167,81.64,77,76,17.02,broken clouds
652,Nyurba,RU,63.2842,118.3319,36.7,86,100,10.76,overcast clouds
653,Sungairaya,ID,0.7,108.9,79.05,82,100,2.86,overcast clouds
654,Panaba,MX,21.2833,-88.2667,85.62,68,89,3.4,overcast clouds
655,Ust-Kuyga,RU,70.0167,135.6,-5.06,100,91,1.88,overcast clouds
656,Kuusamo,FI,65.9667,29.1833,23.04,93,0,8.05,clear sky
657,Uusikaupunki,FI,60.8004,21.4084,32.52,73,52,12.84,broken clouds
658,Eatonton,US,33.3268,-83.3885,74.23,59,0,3.71,clear sky
659,Chegdomyn,RU,51.1167,133.0167,25.92,97,9,2.75,clear sky
660,Kodinsk,RU,58.6881,99.1844,35.42,66,99,10.92,overcast clouds
661,Salihorsk,BY,52.7876,27.5415,42.84,71,81,14.5,broken clouds
662,Xiaoweizhai,CN,26.1903,107.5125,51.55,82,94,3.74,light rain
663,Susaki,JP,33.3667,133.2833,52.18,72,0,5.75,clear sky
664,Takoradi,GH,4.8845,-1.7554,79.05,81,94,8.03,overcast clouds
665,Paita,PE,-5.0892,-81.1144,70.54,73,100,9.44,overcast clouds
666,Karatuzskoye,RU,53.6072,92.8667,34.63,83,98,5.59,overcast clouds
667,Poltavka,RU,54.3663,71.7632,51.39,63,82,17.45,broken clouds
668,Nokia,FI,61.4667,23.5,31.01,86,20,1.01,few clouds
669,Teguise,ES,29.0605,-13.564,71.82,57,75,18.41,broken clouds
670,Arcachon,FR,44.5875,-1.0519,59.32,44,0,4.61,clear sky
671,Starogard Gdanski,PL,53.964,18.5264,42.89,100,24,6.96,light rain
672,Berlevag,NO,70.8578,29.0864,35.28,70,100,17.87,light rain
673,Tuatapere,NZ,-46.1333,167.6833,50.97,97,100,0.89,light rain
674,Cockburn Town,TC,21.4612,-71.1419,83.28,66,33,18.07,scattered clouds
675,Mehamn,NO,71.0357,27.8492,35.6,63,100,18.03,overcast clouds
676,Lorengau,PG,-2.0226,147.2712,80.28,81,97,8.39,overcast clouds
